{
  "chunk_id": 2,
  "title": "Necessity 2 \u2014 Focus Invariance",
  "created": "2025-12-24T00:00:00-05:00",
  "goal": "Advance the audit\u2192LocalNOT program toward NP \u2284 P/poly with formal, checkable steps.",
  "inputs": {
    "language": "L_mix^hash",
    "audits": [
      "WV",
      "FOCUS",
      "BRC(amplified)",
      "SRC",
      "SPA"
    ],
    "distributions": [
      "block-product \u03a6",
      "graph H generator",
      "seed S generator"
    ]
  },
  "interwave": {
    "depends_on_chunks": [
      1,
      3,
      6,
      9
    ],
    "sends_signals_to": [
      1,
      3,
      6,
      9
    ],
    "open_risks": [
      "conditioning-on-acceptance bias",
      "witness steering / nonuniform selection",
      "seed-keyed dependence",
      "distributional-to-worst-case gap"
    ]
  },
  "proof_state": {
    "status": "planned",
    "key_lemma_target": "lemma_02_necessity_or_bridge",
    "success_condition": "audit failure implies explicit counterexample with non-negligible probability"
  },
  "parameters": {
    "B": "poly(n)",
    "t": "constant or slowly growing",
    "delta": "1/poly(n)",
    "epsilon": "1/poly(n)"
  }
}